entityId,prediction_time_utc,prediction_availableBikeNumber
24367,2025-09-24 15:00:00+00:00,11.901348139489578
24367,2025-09-24 16:00:00+00:00,11.44623015873016
24367,2025-09-24 17:00:00+00:00,11.361553672316386
24367,2025-09-24 18:00:00+00:00,11.085800376647835
24367,2025-09-24 19:00:00+00:00,11.072612235838179
24368,2025-09-24 15:00:00+00:00,15.038451102317696
24368,2025-09-24 16:00:00+00:00,14.718772322878111
24368,2025-09-24 17:00:00+00:00,15.087777777777779
24368,2025-09-24 18:00:00+00:00,16.010649717514124
24368,2025-09-24 19:00:00+00:00,16.938638047605817
24369,2025-09-24 15:00:00+00:00,9.213466817735942
24369,2025-09-24 16:00:00+00:00,7.925653016888226
24369,2025-09-24 17:00:00+00:00,7.299409685805498
24369,2025-09-24 18:00:00+00:00,6.854268357181503
24369,2025-09-24 19:00:00+00:00,7.281161049664465
24370,2025-09-24 15:00:00+00:00,22.789694047627755
24370,2025-09-24 16:00:00+00:00,22.697488986868315
24370,2025-09-24 17:00:00+00:00,22.794681867097125
24370,2025-09-24 18:00:00+00:00,22.13487911905945
24370,2025-09-24 19:00:00+00:00,21.847162227602908
24371,2025-09-24 15:00:00+00:00,5.066174987059614
24371,2025-09-24 16:00:00+00:00,4.833314176245211
24371,2025-09-24 17:00:00+00:00,4.495946016771488
24371,2025-09-24 18:00:00+00:00,4.285087719298246
24371,2025-09-24 19:00:00+00:00,4.153787878787879
24372,2025-09-24 15:00:00+00:00,1.457316309903835
24372,2025-09-24 16:00:00+00:00,1.2889456517247284
24372,2025-09-24 17:00:00+00:00,1.2743320143207084
24372,2025-09-24 18:00:00+00:00,1.1533777720726328
24372,2025-09-24 19:00:00+00:00,1.0869155750087947
24373,2025-09-24 15:00:00+00:00,0.9045554741636987
24373,2025-09-24 16:00:00+00:00,1.1581170855250345
24373,2025-09-24 17:00:00+00:00,1.124582837269375
24373,2025-09-24 18:00:00+00:00,1.1304351273664381
24373,2025-09-24 19:00:00+00:00,1.573461884876771
24374,2025-09-24 15:00:00+00:00,17.685319605936517
24374,2025-09-24 16:00:00+00:00,16.543292143923942
24374,2025-09-24 17:00:00+00:00,16.431467505241088
24374,2025-09-24 18:00:00+00:00,14.813063215835879
24374,2025-09-24 19:00:00+00:00,14.89456189909803
24375,2025-09-24 15:00:00+00:00,0.9820524060003883
24375,2025-09-24 16:00:00+00:00,1.614961361127346
24375,2025-09-24 17:00:00+00:00,1.5385428051001813
24375,2025-09-24 18:00:00+00:00,1.854994007875363
24375,2025-09-24 19:00:00+00:00,2.243504419952044
24376,2025-09-24 15:00:00+00:00,2.6780959802584587
24376,2025-09-24 16:00:00+00:00,2.5686959340557567
24376,2025-09-24 17:00:00+00:00,2.3603377770356144
24376,2025-09-24 18:00:00+00:00,3.029908272794831
24376,2025-09-24 19:00:00+00:00,3.4423181713986315
24377,2025-09-24 15:00:00+00:00,2.167844989934411
24377,2025-09-24 16:00:00+00:00,2.396421073755055
24377,2025-09-24 17:00:00+00:00,1.9884830012885315
24377,2025-09-24 18:00:00+00:00,1.3143502824858744
24377,2025-09-24 19:00:00+00:00,1.262683615819208
24378,2025-09-24 15:00:00+00:00,2.332448210922787
24378,2025-09-24 16:00:00+00:00,2.1176063380739008
24378,2025-09-24 17:00:00+00:00,2.5753981705676616
24378,2025-09-24 18:00:00+00:00,3.1293155972694944
24378,2025-09-24 19:00:00+00:00,3.406998745062256
24379,2025-09-24 15:00:00+00:00,0.5287476459510358
24379,2025-09-24 16:00:00+00:00,0.741916597735214
24379,2025-09-24 17:00:00+00:00,0.736482327660001
24379,2025-09-24 18:00:00+00:00,0.713286252354048
24379,2025-09-24 19:00:00+00:00,1.0400792068239721
24380,2025-09-24 15:00:00+00:00,10.264672450901266
24380,2025-09-24 16:00:00+00:00,10.674722580065731
24380,2025-09-24 17:00:00+00:00,10.799115182974905
24380,2025-09-24 18:00:00+00:00,10.992067932876207
24380,2025-09-24 19:00:00+00:00,11.291202340156218
24381,2025-09-24 15:00:00+00:00,0.3393924075726025
24381,2025-09-24 16:00:00+00:00,0.8195651429549731
24381,2025-09-24 17:00:00+00:00,1.2563321974281907
24381,2025-09-24 18:00:00+00:00,1.436118632295178
24381,2025-09-24 19:00:00+00:00,1.2821637072908256
24383,2025-09-24 15:00:00+00:00,0.6709144515451815
24383,2025-09-24 16:00:00+00:00,0.8381801390699692
24383,2025-09-24 17:00:00+00:00,1.4891807909604515
24383,2025-09-24 18:00:00+00:00,1.6220412003871179
24383,2025-09-24 19:00:00+00:00,1.5495236703682052
24384,2025-09-24 15:00:00+00:00,3.717297551789077
24384,2025-09-24 16:00:00+00:00,3.037012287363774
24384,2025-09-24 17:00:00+00:00,3.2661111111111114
24384,2025-09-24 18:00:00+00:00,3.155555555555555
24384,2025-09-24 19:00:00+00:00,2.9427777777777777
24385,2025-09-24 15:00:00+00:00,3.5158249267932993
24385,2025-09-24 16:00:00+00:00,3.459101839779806
24385,2025-09-24 17:00:00+00:00,3.5941724210085786
24385,2025-09-24 18:00:00+00:00,3.5198467432950187
24385,2025-09-24 19:00:00+00:00,3.3534274952919016
24386,2025-09-24 15:00:00+00:00,1.0189645431521517
24386,2025-09-24 16:00:00+00:00,0.8996793884082024
24386,2025-09-24 17:00:00+00:00,0.8722222222222227
24386,2025-09-24 18:00:00+00:00,0.9762492849320896
24386,2025-09-24 19:00:00+00:00,1.0755555555555554
24387,2025-09-24 15:00:00+00:00,18.13780174627633
24387,2025-09-24 16:00:00+00:00,18.341846932209293
24387,2025-09-24 17:00:00+00:00,18.48713450292398
24387,2025-09-24 18:00:00+00:00,18.476251629726207
24387,2025-09-24 19:00:00+00:00,18.612858826996757
24388,2025-09-24 15:00:00+00:00,7.943888888888889
24388,2025-09-24 16:00:00+00:00,7.909661016949153
24388,2025-09-24 17:00:00+00:00,7.647090395480227
24388,2025-09-24 18:00:00+00:00,7.643751196319966
24388,2025-09-24 19:00:00+00:00,7.764240210403274
24389,2025-09-24 15:00:00+00:00,0.7539116124965188
24389,2025-09-24 16:00:00+00:00,1.0315751375371227
24389,2025-09-24 17:00:00+00:00,1.3174538981283321
24389,2025-09-24 18:00:00+00:00,1.2714679075462865
24389,2025-09-24 19:00:00+00:00,1.4444652782435297
24390,2025-09-24 15:00:00+00:00,2.3023149603071946
24390,2025-09-24 16:00:00+00:00,2.3831387576796024
24390,2025-09-24 17:00:00+00:00,2.122429378531073
24390,2025-09-24 18:00:00+00:00,2.107815442561205
24390,2025-09-24 19:00:00+00:00,1.9314312617702445
24391,2025-09-24 15:00:00+00:00,0.8897713554493203
24391,2025-09-24 16:00:00+00:00,1.5956044117193051
24391,2025-09-24 17:00:00+00:00,2.017425352295603
24391,2025-09-24 18:00:00+00:00,1.9539115646258494
24391,2025-09-24 19:00:00+00:00,2.381113000737753
24392,2025-09-24 15:00:00+00:00,2.884256120527307
24392,2025-09-24 16:00:00+00:00,2.7636163522012573
24392,2025-09-24 17:00:00+00:00,2.6707309941520467
24392,2025-09-24 18:00:00+00:00,2.5978372484884527
24392,2025-09-24 19:00:00+00:00,2.4044892578717585
24393,2025-09-24 15:00:00+00:00,12.771858839972047
24393,2025-09-24 16:00:00+00:00,12.77939441800488
24393,2025-09-24 17:00:00+00:00,13.965680656443368
24393,2025-09-24 18:00:00+00:00,13.87592286795037
24393,2025-09-24 19:00:00+00:00,12.78448207443897
24394,2025-09-24 15:00:00+00:00,2.2860391728178597
24394,2025-09-24 16:00:00+00:00,2.1556755156881526
24394,2025-09-24 17:00:00+00:00,2.442518137754315
24394,2025-09-24 18:00:00+00:00,2.4710194270988195
24394,2025-09-24 19:00:00+00:00,2.390876680303915
24395,2025-09-24 15:00:00+00:00,0.9875047080979282
24395,2025-09-24 16:00:00+00:00,1.1993125431819607
24395,2025-09-24 17:00:00+00:00,1.2024388411121314
24395,2025-09-24 18:00:00+00:00,1.2966666666666655
24395,2025-09-24 19:00:00+00:00,1.452711864406779
24396,2025-09-24 15:00:00+00:00,0.24058313155770694
24396,2025-09-24 16:00:00+00:00,0.19454248366012994
24396,2025-09-24 17:00:00+00:00,0.26724728487886296
24396,2025-09-24 18:00:00+00:00,0.32549410248785726
24396,2025-09-24 19:00:00+00:00,0.39764670296430626
24397,2025-09-24 15:00:00+00:00,29.18426150121065
24397,2025-09-24 16:00:00+00:00,27.961954709641574
24397,2025-09-24 17:00:00+00:00,26.964774320027168
24397,2025-09-24 18:00:00+00:00,25.365664845173036
24397,2025-09-24 19:00:00+00:00,24.244500941619584
24398,2025-09-24 15:00:00+00:00,3.078266074791499
24398,2025-09-24 16:00:00+00:00,2.752322128214881
24398,2025-09-24 17:00:00+00:00,2.770617283950617
24398,2025-09-24 18:00:00+00:00,2.2062332301341585
24398,2025-09-24 19:00:00+00:00,1.9909322033898298
24399,2025-09-24 15:00:00+00:00,1.3402785473504348
24399,2025-09-24 16:00:00+00:00,1.3493606979846575
24399,2025-09-24 17:00:00+00:00,1.3985145066054967
24399,2025-09-24 18:00:00+00:00,1.585247225265142
24399,2025-09-24 19:00:00+00:00,1.7138784815145205
24400,2025-09-24 15:00:00+00:00,5.831817325800376
24400,2025-09-24 16:00:00+00:00,5.654184130094617
24400,2025-09-24 17:00:00+00:00,5.49953373595688
24400,2025-09-24 18:00:00+00:00,5.741379310344827
24400,2025-09-24 19:00:00+00:00,5.874892850185077
24401,2025-09-24 15:00:00+00:00,6.906440677966102
24401,2025-09-24 16:00:00+00:00,6.6865151515151515
24401,2025-09-24 17:00:00+00:00,6.4414020390934486
24401,2025-09-24 18:00:00+00:00,6.42922949542178
24401,2025-09-24 19:00:00+00:00,6.7542903041394
24402,2025-09-24 15:00:00+00:00,0.8670710936294972
24402,2025-09-24 16:00:00+00:00,0.8351853334400117
24402,2025-09-24 17:00:00+00:00,0.911675710652271
24402,2025-09-24 18:00:00+00:00,0.9818672153270933
24402,2025-09-24 19:00:00+00:00,1.0800303410755383
24403,2025-09-24 15:00:00+00:00,7.079468657519505
24403,2025-09-24 16:00:00+00:00,6.773455743879473
24403,2025-09-24 17:00:00+00:00,6.543860640301318
24403,2025-09-24 18:00:00+00:00,6.476839245469421
24403,2025-09-24 19:00:00+00:00,6.18424670433145
24404,2025-09-24 15:00:00+00:00,0.958532013795172
24404,2025-09-24 16:00:00+00:00,0.9557029478458041
24404,2025-09-24 17:00:00+00:00,0.9456730663135815
24404,2025-09-24 18:00:00+00:00,1.0947705802968963
24404,2025-09-24 19:00:00+00:00,1.121111111111111
24405,2025-09-24 15:00:00+00:00,9.281206896551724
24405,2025-09-24 16:00:00+00:00,9.15276044492077
24405,2025-09-24 17:00:00+00:00,9.161619585687383
24405,2025-09-24 18:00:00+00:00,8.846158841483215
24405,2025-09-24 19:00:00+00:00,8.698284863079252
24406,2025-09-24 15:00:00+00:00,5.131177024482109
24406,2025-09-24 16:00:00+00:00,5.364049820236261
24406,2025-09-24 17:00:00+00:00,5.101346724740939
24406,2025-09-24 18:00:00+00:00,5.009058705110721
24406,2025-09-24 19:00:00+00:00,4.798757062146892
24407,2025-09-24 15:00:00+00:00,0.12138888888888655
24407,2025-09-24 16:00:00+00:00,0.141459510357814
24407,2025-09-24 17:00:00+00:00,0.19929378531073194
24407,2025-09-24 18:00:00+00:00,0.40356739305891765
24407,2025-09-24 19:00:00+00:00,0.42100753295668447
24408,2025-09-24 15:00:00+00:00,7.360196441327359
24408,2025-09-24 16:00:00+00:00,5.116015559877743
24408,2025-09-24 17:00:00+00:00,3.1854412919912596
24408,2025-09-24 18:00:00+00:00,2.5963409961685824
24408,2025-09-24 19:00:00+00:00,3.0851883239171376
24409,2025-09-24 15:00:00+00:00,0.051713747645950825
24409,2025-09-24 16:00:00+00:00,0.08563056042600081
24409,2025-09-24 17:00:00+00:00,0.14616161616161527
24409,2025-09-24 18:00:00+00:00,0.20918300653594724
24409,2025-09-24 19:00:00+00:00,0.2155555555555546
24410,2025-09-24 15:00:00+00:00,3.12938462390606
24410,2025-09-24 16:00:00+00:00,3.229477124183007
24410,2025-09-24 17:00:00+00:00,3.3519135802469133
24410,2025-09-24 18:00:00+00:00,3.0377777777777775
24410,2025-09-24 19:00:00+00:00,2.6179536694665893
24411,2025-09-24 15:00:00+00:00,0.007222222222221575
24411,2025-09-24 16:00:00+00:00,0.05900155854276168
24411,2025-09-24 17:00:00+00:00,0.04943747823057976
24411,2025-09-24 18:00:00+00:00,0.020926301555102
24411,2025-09-24 19:00:00+00:00,0.05944444444444219
24412,2025-09-24 15:00:00+00:00,17.87926623738384
24412,2025-09-24 16:00:00+00:00,17.27123352165725
24412,2025-09-24 17:00:00+00:00,17.08556611310849
24412,2025-09-24 18:00:00+00:00,16.905360828199402
24412,2025-09-24 19:00:00+00:00,16.91942002442002
24413,2025-09-24 15:00:00+00:00,0.6435767243419752
24413,2025-09-24 16:00:00+00:00,0.7454283768810948
24413,2025-09-24 17:00:00+00:00,0.7471929824561396
24413,2025-09-24 18:00:00+00:00,0.8609874569164617
24413,2025-09-24 19:00:00+00:00,1.4191449028177505
24414,2025-09-24 15:00:00+00:00,0.9983333333333331
24414,2025-09-24 16:00:00+00:00,1.0333333333333332
24414,2025-09-24 17:00:00+00:00,1.08
24414,2025-09-24 18:00:00+00:00,1.0818650793650786
24414,2025-09-24 19:00:00+00:00,1.0110923141186299
24415,2025-09-24 15:00:00+00:00,1.0949999999999989
24415,2025-09-24 16:00:00+00:00,1.767354048964218
24415,2025-09-24 17:00:00+00:00,1.9734549606109013
24415,2025-09-24 18:00:00+00:00,1.831613414045247
24415,2025-09-24 19:00:00+00:00,2.259351256575102
24416,2025-09-24 15:00:00+00:00,1.6123781103282822
24416,2025-09-24 16:00:00+00:00,1.6585028248587568
24416,2025-09-24 17:00:00+00:00,1.5907855577166492
24416,2025-09-24 18:00:00+00:00,1.7181511839708556
24416,2025-09-24 19:00:00+00:00,2.183466297297051
24417,2025-09-24 15:00:00+00:00,4.239893441729107
24417,2025-09-24 16:00:00+00:00,4.390877558581087
24417,2025-09-24 17:00:00+00:00,4.362527708314038
24417,2025-09-24 18:00:00+00:00,4.726050754839307
24417,2025-09-24 19:00:00+00:00,5.513295668549906
24418,2025-09-24 15:00:00+00:00,7.2372410546139365
24418,2025-09-24 16:00:00+00:00,7.195127366438696
24418,2025-09-24 17:00:00+00:00,7.21686473147607
24418,2025-09-24 18:00:00+00:00,7.405198252791534
24418,2025-09-24 19:00:00+00:00,7.239815572439769
24419,2025-09-24 15:00:00+00:00,0.5095045083604388
24419,2025-09-24 16:00:00+00:00,0.4580728335991484
24419,2025-09-24 17:00:00+00:00,0.3582423627758313
24419,2025-09-24 18:00:00+00:00,0.5808221534227727
24419,2025-09-24 19:00:00+00:00,0.60716049382716
24420,2025-09-24 15:00:00+00:00,0.9387193973634655
24420,2025-09-24 16:00:00+00:00,0.7220165945165942
24420,2025-09-24 17:00:00+00:00,0.6383204134366913
24420,2025-09-24 18:00:00+00:00,0.8492474012901097
24420,2025-09-24 19:00:00+00:00,1.2475075620084692
24421,2025-09-24 15:00:00+00:00,1.6994165921844204
24421,2025-09-24 16:00:00+00:00,2.091383783939794
24421,2025-09-24 17:00:00+00:00,1.8125247079964066
24421,2025-09-24 18:00:00+00:00,2.08037608388788
24421,2025-09-24 19:00:00+00:00,2.075149777814886
24422,2025-09-24 15:00:00+00:00,11.065555555555555
24422,2025-09-24 16:00:00+00:00,10.92888888888889
24422,2025-09-24 17:00:00+00:00,10.792156308851226
24422,2025-09-24 18:00:00+00:00,10.722460538740542
24422,2025-09-24 19:00:00+00:00,10.606998085888055
24423,2025-09-24 15:00:00+00:00,1.7384655165823548
24423,2025-09-24 16:00:00+00:00,2.118641204080742
24423,2025-09-24 17:00:00+00:00,2.6589736346516
24423,2025-09-24 18:00:00+00:00,2.8790619307832417
24423,2025-09-24 19:00:00+00:00,3.3749123319696084
24424,2025-09-24 15:00:00+00:00,16.528662900188323
24424,2025-09-24 16:00:00+00:00,16.932227867529342
24424,2025-09-24 17:00:00+00:00,17.519417965818498
24424,2025-09-24 18:00:00+00:00,18.067577413479054
24424,2025-09-24 19:00:00+00:00,18.013482757556112
24425,2025-09-24 15:00:00+00:00,2.7578688524590165
24425,2025-09-24 16:00:00+00:00,2.7496972169910023
24425,2025-09-24 17:00:00+00:00,3.086293776794107
24425,2025-09-24 18:00:00+00:00,3.0098717948717946
24425,2025-09-24 19:00:00+00:00,2.737746746078131
24426,2025-09-24 15:00:00+00:00,2.0770338983050842
24426,2025-09-24 16:00:00+00:00,2.202222222222221
24426,2025-09-24 17:00:00+00:00,2.2137249544626583
24426,2025-09-24 18:00:00+00:00,1.9499521072796928
24426,2025-09-24 19:00:00+00:00,1.6247928436911487
24427,2025-09-24 15:00:00+00:00,29.151171077411043
24427,2025-09-24 16:00:00+00:00,29.28183346785042
24427,2025-09-24 17:00:00+00:00,28.81210099909044
24427,2025-09-24 18:00:00+00:00,28.882080623956234
24427,2025-09-24 19:00:00+00:00,29.22016763915903
24428,2025-09-24 15:00:00+00:00,0.1759238949817199
24428,2025-09-24 16:00:00+00:00,0.2876205164837531
24428,2025-09-24 17:00:00+00:00,0.21663578888155044
24428,2025-09-24 18:00:00+00:00,0.1348151904439936
24428,2025-09-24 19:00:00+00:00,0.1461111111111082
24429,2025-09-24 15:00:00+00:00,6.453965783385977
24429,2025-09-24 16:00:00+00:00,6.006750366185394
24429,2025-09-24 17:00:00+00:00,6.004060387144577
24429,2025-09-24 18:00:00+00:00,5.591939736346516
24429,2025-09-24 19:00:00+00:00,5.125555555555556
24430,2025-09-24 15:00:00+00:00,1.6399058380414306
24430,2025-09-24 16:00:00+00:00,1.4230414312617703
24430,2025-09-24 17:00:00+00:00,1.3228279460343915
24430,2025-09-24 18:00:00+00:00,1.4560526315789466
24430,2025-09-24 19:00:00+00:00,1.6755273069679841
24431,2025-09-24 15:00:00+00:00,4.810265315165614
24431,2025-09-24 16:00:00+00:00,4.57888702059606
24431,2025-09-24 17:00:00+00:00,4.633245306387941
24431,2025-09-24 18:00:00+00:00,5.029364044618282
24431,2025-09-24 19:00:00+00:00,5.15093220338983
24432,2025-09-24 15:00:00+00:00,3.9062241054613933
24432,2025-09-24 16:00:00+00:00,3.964690607887495
24432,2025-09-24 17:00:00+00:00,3.254416195856874
24432,2025-09-24 18:00:00+00:00,2.849579634113532
24432,2025-09-24 19:00:00+00:00,2.602102435861813
24433,2025-09-24 15:00:00+00:00,8.767306967984936
24433,2025-09-24 16:00:00+00:00,8.67373015873016
24433,2025-09-24 17:00:00+00:00,8.598540489642184
24433,2025-09-24 18:00:00+00:00,8.486206896551725
24433,2025-09-24 19:00:00+00:00,8.473666666666668
24434,2025-09-24 15:00:00+00:00,3.0744222886894876
24434,2025-09-24 16:00:00+00:00,3.3596753972882194
24434,2025-09-24 17:00:00+00:00,3.6291358024691363
24434,2025-09-24 18:00:00+00:00,3.615728020616513
24434,2025-09-24 19:00:00+00:00,3.5836750949337777
24435,2025-09-24 15:00:00+00:00,0.6275612052730688
24435,2025-09-24 16:00:00+00:00,0.9897184882135206
24435,2025-09-24 17:00:00+00:00,1.0929001883239167
24435,2025-09-24 18:00:00+00:00,1.2335404896421842
24435,2025-09-24 19:00:00+00:00,1.2494395087483148
24436,2025-09-24 15:00:00+00:00,8.362540517473306
24436,2025-09-24 16:00:00+00:00,7.53056063731205
24436,2025-09-24 17:00:00+00:00,7.059530673773184
24436,2025-09-24 18:00:00+00:00,7.0141880341880345
24436,2025-09-24 19:00:00+00:00,6.501635460550268
24437,2025-09-24 15:00:00+00:00,6.215408367374366
24437,2025-09-24 16:00:00+00:00,6.1662816333518515
24437,2025-09-24 17:00:00+00:00,5.692541428309985
24437,2025-09-24 18:00:00+00:00,5.102711467275323
24437,2025-09-24 19:00:00+00:00,5.011523429165159
24438,2025-09-24 15:00:00+00:00,11.024396714072342
24438,2025-09-24 16:00:00+00:00,10.85220233423854
24438,2025-09-24 17:00:00+00:00,10.711042573554382
24438,2025-09-24 18:00:00+00:00,10.706248814706024
24438,2025-09-24 19:00:00+00:00,10.843775894538606
24439,2025-09-24 15:00:00+00:00,2.851308851224105
24439,2025-09-24 16:00:00+00:00,2.7905743879472693
24439,2025-09-24 17:00:00+00:00,3.1366666666666667
24439,2025-09-24 18:00:00+00:00,3.2723099415204677
24439,2025-09-24 19:00:00+00:00,3.1247297088697477
24440,2025-09-24 15:00:00+00:00,3.984548878616675
24440,2025-09-24 16:00:00+00:00,3.899229214290508
24440,2025-09-24 17:00:00+00:00,3.3913370998116763
24440,2025-09-24 18:00:00+00:00,3.105135189669088
24440,2025-09-24 19:00:00+00:00,2.9548425488561634
24441,2025-09-24 15:00:00+00:00,0.007222222222221575
24441,2025-09-24 16:00:00+00:00,0.05900155854276168
24441,2025-09-24 17:00:00+00:00,0.04943747823057976
24441,2025-09-24 18:00:00+00:00,0.020926301555102
24441,2025-09-24 19:00:00+00:00,0.05944444444444219
24442,2025-09-24 15:00:00+00:00,0.9416666666666664
24442,2025-09-24 16:00:00+00:00,0.9727777777777771
24442,2025-09-24 17:00:00+00:00,0.9999999999999996
24442,2025-09-24 18:00:00+00:00,0.9485317460317457
24442,2025-09-24 19:00:00+00:00,0.9351399331662487
24443,2025-09-24 15:00:00+00:00,8.012812241982319
24443,2025-09-24 16:00:00+00:00,7.666826741996234
24443,2025-09-24 17:00:00+00:00,7.464869518428841
24443,2025-09-24 18:00:00+00:00,7.458805520526832
24443,2025-09-24 19:00:00+00:00,7.374797239580992
24444,2025-09-24 15:00:00+00:00,1.816619785452386
24444,2025-09-24 16:00:00+00:00,1.8134917469812781
24444,2025-09-24 17:00:00+00:00,1.939308987006239
24444,2025-09-24 18:00:00+00:00,2.0547781127277576
24444,2025-09-24 19:00:00+00:00,2.1374775057543416
24445,2025-09-24 15:00:00+00:00,3.9550667693888037
24445,2025-09-24 16:00:00+00:00,3.800102077880033
24445,2025-09-24 17:00:00+00:00,3.4394161958568734
24445,2025-09-24 18:00:00+00:00,3.217793919827818
24445,2025-09-24 19:00:00+00:00,3.127064771078386
24446,2025-09-24 15:00:00+00:00,1.93611111111111
24446,2025-09-24 16:00:00+00:00,1.9597892720306511
24446,2025-09-24 17:00:00+00:00,1.957777777777777
24446,2025-09-24 18:00:00+00:00,2.0072222222222216
24446,2025-09-24 19:00:00+00:00,2.050555555555555
24447,2025-09-24 15:00:00+00:00,0.9636421196181555
24447,2025-09-24 16:00:00+00:00,1.7915153963397157
24447,2025-09-24 17:00:00+00:00,2.6527711497722803
24447,2025-09-24 18:00:00+00:00,2.991343662614849
24447,2025-09-24 19:00:00+00:00,3.376525640193086
24448,2025-09-24 15:00:00+00:00,8.397561205273071
24448,2025-09-24 16:00:00+00:00,8.286843808370687
24448,2025-09-24 17:00:00+00:00,8.194811676082864
24448,2025-09-24 18:00:00+00:00,8.07867440887215
24448,2025-09-24 19:00:00+00:00,8.132068779216024
24449,2025-09-24 15:00:00+00:00,0.0481967984934073
24449,2025-09-24 16:00:00+00:00,0.1407909604519757
24449,2025-09-24 17:00:00+00:00,0.05944444444444308
24449,2025-09-24 18:00:00+00:00,0.18412294861447265
24449,2025-09-24 19:00:00+00:00,0.19666666666666632
24450,2025-09-24 15:00:00+00:00,0.007222222222221575
24450,2025-09-24 16:00:00+00:00,0.05900155854276168
24450,2025-09-24 17:00:00+00:00,0.04943747823057976
24450,2025-09-24 18:00:00+00:00,0.020926301555102
24450,2025-09-24 19:00:00+00:00,0.05944444444444219
24451,2025-09-24 15:00:00+00:00,16.59778833329164
24451,2025-09-24 16:00:00+00:00,15.200645420015018
24451,2025-09-24 17:00:00+00:00,14.149122670303267
24451,2025-09-24 18:00:00+00:00,11.888137584928103
24451,2025-09-24 19:00:00+00:00,10.228227183081476
24452,2025-09-24 15:00:00+00:00,0.09583804143125985
24452,2025-09-24 16:00:00+00:00,0.18601224105461256
24452,2025-09-24 17:00:00+00:00,0.2538314176245198
24452,2025-09-24 18:00:00+00:00,0.2669975323072915
24452,2025-09-24 19:00:00+00:00,0.46480091471616714
24453,2025-09-24 15:00:00+00:00,0.24969348659003732
24453,2025-09-24 16:00:00+00:00,0.7615786739398658
24453,2025-09-24 17:00:00+00:00,0.9161989956057734
24453,2025-09-24 18:00:00+00:00,0.9262112932604722
24453,2025-09-24 19:00:00+00:00,0.938392969240426
24454,2025-09-24 15:00:00+00:00,1.7772340364306056
24454,2025-09-24 16:00:00+00:00,1.8624790836960887
24454,2025-09-24 17:00:00+00:00,1.687947269303201
24454,2025-09-24 18:00:00+00:00,2.060336976320582
24454,2025-09-24 19:00:00+00:00,2.1963562409311224
24455,2025-09-24 15:00:00+00:00,9.213050847457627
24455,2025-09-24 16:00:00+00:00,9.422777777777778
24455,2025-09-24 17:00:00+00:00,9.521685499058382
24455,2025-09-24 18:00:00+00:00,9.424487814607629
24455,2025-09-24 19:00:00+00:00,9.31629536957147
24456,2025-09-24 15:00:00+00:00,2.9415913370998115
24456,2025-09-24 16:00:00+00:00,2.859528301886793
24456,2025-09-24 17:00:00+00:00,2.946436781609195
24456,2025-09-24 18:00:00+00:00,2.9904896421845573
24456,2025-09-24 19:00:00+00:00,3.264818537993608
24457,2025-09-24 15:00:00+00:00,0.4890224276664954
24457,2025-09-24 16:00:00+00:00,0.47216442626144506
24457,2025-09-24 17:00:00+00:00,0.8495019157088128
24457,2025-09-24 18:00:00+00:00,0.9101597506331576
24457,2025-09-24 19:00:00+00:00,1.1758205078251822
24458,2025-09-24 15:00:00+00:00,8.215542471999207
24458,2025-09-24 16:00:00+00:00,6.699531155474894
24458,2025-09-24 17:00:00+00:00,5.634359698681733
24458,2025-09-24 18:00:00+00:00,5.201840054548997
24458,2025-09-24 19:00:00+00:00,5.112335216572505
24459,2025-09-24 15:00:00+00:00,1.113723163841807
24459,2025-09-24 16:00:00+00:00,1.095512241054613
24459,2025-09-24 17:00:00+00:00,1.0330905349399946
24459,2025-09-24 18:00:00+00:00,0.9288909256209079
24459,2025-09-24 19:00:00+00:00,0.7248322205101871
24460,2025-09-24 15:00:00+00:00,0.14444444444444304
24460,2025-09-24 16:00:00+00:00,0.44897363465159934
24460,2025-09-24 17:00:00+00:00,0.5266666666666664
24460,2025-09-24 18:00:00+00:00,0.3679378531073425
24460,2025-09-24 19:00:00+00:00,0.5295593869731787
24461,2025-09-24 15:00:00+00:00,3.9897357538882963
24461,2025-09-24 16:00:00+00:00,3.980700368478324
24461,2025-09-24 17:00:00+00:00,3.65120527306968
24461,2025-09-24 18:00:00+00:00,3.6625180075228045
24461,2025-09-24 19:00:00+00:00,3.5355555555555553
24462,2025-09-24 15:00:00+00:00,1.2923449414960935
24462,2025-09-24 16:00:00+00:00,1.2050235404896417
24462,2025-09-24 17:00:00+00:00,1.330600557162756
24462,2025-09-24 18:00:00+00:00,1.3137951687303513
24462,2025-09-24 19:00:00+00:00,1.1328787878787874
24463,2025-09-24 15:00:00+00:00,5.901437987624428
24463,2025-09-24 16:00:00+00:00,5.5468030391583865
24463,2025-09-24 17:00:00+00:00,5.167426456263393
24463,2025-09-24 18:00:00+00:00,5.297068965517242
24463,2025-09-24 19:00:00+00:00,5.144877589453861
24464,2025-09-24 15:00:00+00:00,6.984853620955317
24464,2025-09-24 16:00:00+00:00,6.8615497076023395
24464,2025-09-24 17:00:00+00:00,6.9251026040652
24464,2025-09-24 18:00:00+00:00,6.997958012580067
24464,2025-09-24 19:00:00+00:00,6.855612052730697
24465,2025-09-24 15:00:00+00:00,0.6619037606121836
24465,2025-09-24 16:00:00+00:00,0.9296275609663462
24465,2025-09-24 17:00:00+00:00,1.0567987567987562
24465,2025-09-24 18:00:00+00:00,1.2027538269899454
24465,2025-09-24 19:00:00+00:00,1.0085438809157883
24466,2025-09-24 15:00:00+00:00,1.673307257714037
24466,2025-09-24 16:00:00+00:00,1.7486570686644773
24466,2025-09-24 17:00:00+00:00,1.5644349363422192
24466,2025-09-24 18:00:00+00:00,1.85834733786205
24466,2025-09-24 19:00:00+00:00,1.6455555555555548
24467,2025-09-24 15:00:00+00:00,4.324423963165975
24467,2025-09-24 16:00:00+00:00,4.0710900631439015
24467,2025-09-24 17:00:00+00:00,3.9029024420363685
24467,2025-09-24 18:00:00+00:00,4.019380692167577
24467,2025-09-24 19:00:00+00:00,4.2258482262961685
24468,2025-09-24 15:00:00+00:00,3.153829068350505
24468,2025-09-24 16:00:00+00:00,3.3979983183418776
24468,2025-09-24 17:00:00+00:00,3.4130246913580247
24468,2025-09-24 18:00:00+00:00,3.163625235404896
24468,2025-09-24 19:00:00+00:00,2.958251366120218
24469,2025-09-24 15:00:00+00:00,2.7891155269822714
24469,2025-09-24 16:00:00+00:00,2.549118016321406
24469,2025-09-24 17:00:00+00:00,2.4734343434343433
24469,2025-09-24 18:00:00+00:00,2.3474220293050387
24469,2025-09-24 19:00:00+00:00,1.9344084074981538
24470,2025-09-24 15:00:00+00:00,7.43911287085919
24470,2025-09-24 16:00:00+00:00,6.93932066018273
24470,2025-09-24 17:00:00+00:00,6.719176569907137
24470,2025-09-24 18:00:00+00:00,6.689581056466302
24470,2025-09-24 19:00:00+00:00,6.7888103123579455
24471,2025-09-24 15:00:00+00:00,12.059782967875202
24471,2025-09-24 16:00:00+00:00,12.832497588535206
24471,2025-09-24 17:00:00+00:00,13.074298439292594
24471,2025-09-24 18:00:00+00:00,12.124660575435145
24471,2025-09-24 19:00:00+00:00,12.00227738968826
24472,2025-09-24 15:00:00+00:00,1.93611111111111
24472,2025-09-24 16:00:00+00:00,1.9597892720306511
24472,2025-09-24 17:00:00+00:00,1.957777777777777
24472,2025-09-24 18:00:00+00:00,2.0072222222222216
24472,2025-09-24 19:00:00+00:00,2.050555555555555
24473,2025-09-24 15:00:00+00:00,0.968126177024482
24473,2025-09-24 16:00:00+00:00,1.0003483992467035
24473,2025-09-24 17:00:00+00:00,0.8853389830508469
24473,2025-09-24 18:00:00+00:00,0.8334463276836148
24473,2025-09-24 19:00:00+00:00,0.8103107344632754
24474,2025-09-24 15:00:00+00:00,1.3867850637522774
24474,2025-09-24 16:00:00+00:00,2.0893743399488436
24474,2025-09-24 17:00:00+00:00,2.5288585523269127
24474,2025-09-24 18:00:00+00:00,2.687071563088512
24474,2025-09-24 19:00:00+00:00,2.902960906552373
24475,2025-09-24 15:00:00+00:00,3.117018770646167
24475,2025-09-24 16:00:00+00:00,3.5659547405143406
24475,2025-09-24 17:00:00+00:00,3.658841807909605
24475,2025-09-24 18:00:00+00:00,3.335
24475,2025-09-24 19:00:00+00:00,2.7361202185792344
24476,2025-09-24 15:00:00+00:00,0.8851839442402065
24476,2025-09-24 16:00:00+00:00,0.7792119220569571
24476,2025-09-24 17:00:00+00:00,0.8491531501710234
24476,2025-09-24 18:00:00+00:00,0.9812663067926226
24476,2025-09-24 19:00:00+00:00,1.089463452491593
24478,2025-09-24 15:00:00+00:00,4.515470809792844
24478,2025-09-24 16:00:00+00:00,4.245461393596988
24478,2025-09-24 17:00:00+00:00,4.053013182674199
24478,2025-09-24 18:00:00+00:00,3.9797014602821776
24478,2025-09-24 19:00:00+00:00,3.7972222222222216
24479,2025-09-24 15:00:00+00:00,8.549839571838739
24479,2025-09-24 16:00:00+00:00,8.0166634111466
24479,2025-09-24 17:00:00+00:00,7.546547943581842
24479,2025-09-24 18:00:00+00:00,7.344145124425758
24479,2025-09-24 19:00:00+00:00,7.41059456550982
24481,2025-09-24 15:00:00+00:00,4.719724769226019
24481,2025-09-24 16:00:00+00:00,4.793090307583263
24481,2025-09-24 17:00:00+00:00,5.043289545703339
24481,2025-09-24 18:00:00+00:00,4.896704331450095
24481,2025-09-24 19:00:00+00:00,4.59578947368421
24482,2025-09-24 15:00:00+00:00,3.2665032679738566
24482,2025-09-24 16:00:00+00:00,3.521049628891105
24482,2025-09-24 17:00:00+00:00,3.6192507449978715
24482,2025-09-24 18:00:00+00:00,3.3933333333333326
24482,2025-09-24 19:00:00+00:00,3.3466666666666667
26209,2025-09-24 15:00:00+00:00,5.533333333333333
26209,2025-09-24 16:00:00+00:00,5.369535673489549
26209,2025-09-24 17:00:00+00:00,5.240300993571011
26209,2025-09-24 18:00:00+00:00,5.444444444444445
26209,2025-09-24 19:00:00+00:00,5.446666666666666
26224,2025-09-24 15:00:00+00:00,0.34504146430105376
26224,2025-09-24 16:00:00+00:00,0.7068073453779729
26224,2025-09-24 17:00:00+00:00,0.7629190207156311
26224,2025-09-24 18:00:00+00:00,0.7755326876513307
26224,2025-09-24 19:00:00+00:00,1.0294444444444437
26653,2025-09-24 15:00:00+00:00,4.34502107574872
26653,2025-09-24 16:00:00+00:00,3.832386482527726
26653,2025-09-24 17:00:00+00:00,3.5296045197740114
26653,2025-09-24 18:00:00+00:00,3.3902852644253034
26653,2025-09-24 19:00:00+00:00,3.2785122410546137
26708,2025-09-24 15:00:00+00:00,3.74753097007814
26708,2025-09-24 16:00:00+00:00,3.6249623352165727
26708,2025-09-24 17:00:00+00:00,3.5661022152171817
26708,2025-09-24 18:00:00+00:00,3.876817325800377
26708,2025-09-24 19:00:00+00:00,3.9125645682001613
26724,2025-09-24 15:00:00+00:00,0.2929893360853093
26724,2025-09-24 16:00:00+00:00,0.48457854406130174
26724,2025-09-24 17:00:00+00:00,0.5795528581803095
26724,2025-09-24 18:00:00+00:00,0.8239063761097656
26724,2025-09-24 19:00:00+00:00,1.2207156308851217
26725,2025-09-24 15:00:00+00:00,4.055081903137547
26725,2025-09-24 16:00:00+00:00,3.793597275436356
26725,2025-09-24 17:00:00+00:00,3.3908037395749266
26725,2025-09-24 18:00:00+00:00,3.4255555555555555
26725,2025-09-24 19:00:00+00:00,3.5250000000000004
26730,2025-09-24 15:00:00+00:00,16.252222222222223
26730,2025-09-24 16:00:00+00:00,16.240065913370998
26730,2025-09-24 17:00:00+00:00,16.718763788001073
26730,2025-09-24 18:00:00+00:00,16.864444444444448
26730,2025-09-24 19:00:00+00:00,17.059298245614038
26805,2025-09-24 15:00:00+00:00,0.12012305993895644
26805,2025-09-24 16:00:00+00:00,0.5361770244821074
26805,2025-09-24 17:00:00+00:00,0.8452634671827752
26805,2025-09-24 18:00:00+00:00,0.8885337564640228
26805,2025-09-24 19:00:00+00:00,0.8222155359318863
26889,2025-09-24 15:00:00+00:00,4.20063088512241
26889,2025-09-24 16:00:00+00:00,4.216669588934346
26889,2025-09-24 17:00:00+00:00,4.233145009416196
26889,2025-09-24 18:00:00+00:00,4.0908945386064035
26889,2025-09-24 19:00:00+00:00,4.082636534839924
27183,2025-09-24 15:00:00+00:00,1.7819138857714725
27183,2025-09-24 16:00:00+00:00,2.077309592170664
27183,2025-09-24 17:00:00+00:00,1.7510451977401118
27183,2025-09-24 18:00:00+00:00,1.9320150659133706
27183,2025-09-24 19:00:00+00:00,1.8319588774659619
27372,2025-09-24 15:00:00+00:00,3.2329816107233853
27372,2025-09-24 16:00:00+00:00,3.313008730621553
27372,2025-09-24 17:00:00+00:00,3.530246913580247
27372,2025-09-24 18:00:00+00:00,3.51739468728318
27372,2025-09-24 19:00:00+00:00,3.6396860238955266
27373,2025-09-24 15:00:00+00:00,14.131570881226056
27373,2025-09-24 16:00:00+00:00,14.304586012078707
27373,2025-09-24 17:00:00+00:00,14.085754433890028
27373,2025-09-24 18:00:00+00:00,14.343333333333335
27373,2025-09-24 19:00:00+00:00,14.916150074680175
27374,2025-09-24 15:00:00+00:00,9.874302275323394
27374,2025-09-24 16:00:00+00:00,10.08569679849341
27374,2025-09-24 17:00:00+00:00,10.412919020715632
27374,2025-09-24 18:00:00+00:00,10.052386156648453
27374,2025-09-24 19:00:00+00:00,9.693808002222841
27375,2025-09-24 15:00:00+00:00,5.699890368576809
27375,2025-09-24 16:00:00+00:00,5.408491973162987
27375,2025-09-24 17:00:00+00:00,5.111746541983246
27375,2025-09-24 18:00:00+00:00,5.208888888888889
27375,2025-09-24 19:00:00+00:00,5.327115072407299
27376,2025-09-24 15:00:00+00:00,0.007222222222221575
27376,2025-09-24 16:00:00+00:00,0.05900155854276168
27376,2025-09-24 17:00:00+00:00,0.04943747823057976
27376,2025-09-24 18:00:00+00:00,0.020926301555102
27376,2025-09-24 19:00:00+00:00,0.05944444444444219
27377,2025-09-24 15:00:00+00:00,0.958532013795172
27377,2025-09-24 16:00:00+00:00,0.9557029478458041
27377,2025-09-24 17:00:00+00:00,0.9456730663135815
27377,2025-09-24 18:00:00+00:00,1.0947705802968963
27377,2025-09-24 19:00:00+00:00,1.121111111111111
27378,2025-09-24 15:00:00+00:00,1.9255555555555546
27378,2025-09-24 16:00:00+00:00,1.7942337164750946
27378,2025-09-24 17:00:00+00:00,1.8338888888888878
27378,2025-09-24 18:00:00+00:00,1.9106704980842903
27378,2025-09-24 19:00:00+00:00,1.9838888888888881
27379,2025-09-24 15:00:00+00:00,0.007222222222221575
27379,2025-09-24 16:00:00+00:00,0.05900155854276168
27379,2025-09-24 17:00:00+00:00,0.04943747823057976
27379,2025-09-24 18:00:00+00:00,0.020926301555102
27379,2025-09-24 19:00:00+00:00,0.05944444444444219
27380,2025-09-24 15:00:00+00:00,0.007222222222221575
27380,2025-09-24 16:00:00+00:00,0.05900155854276168
27380,2025-09-24 17:00:00+00:00,0.04943747823057976
27380,2025-09-24 18:00:00+00:00,0.020926301555102
27380,2025-09-24 19:00:00+00:00,0.05944444444444219
27381,2025-09-24 15:00:00+00:00,1.93611111111111
27381,2025-09-24 16:00:00+00:00,1.9597892720306511
27381,2025-09-24 17:00:00+00:00,1.957777777777777
27381,2025-09-24 18:00:00+00:00,2.0072222222222216
27381,2025-09-24 19:00:00+00:00,2.050555555555555
27382,2025-09-24 15:00:00+00:00,11.136193758835486
27382,2025-09-24 16:00:00+00:00,11.038373514185288
27382,2025-09-24 17:00:00+00:00,11.016362724213515
27382,2025-09-24 18:00:00+00:00,10.964437333441007
27382,2025-09-24 19:00:00+00:00,10.953182674199622
27440,2025-09-24 15:00:00+00:00,1.6784340480831705
27440,2025-09-24 16:00:00+00:00,1.598757062146892
27440,2025-09-24 17:00:00+00:00,1.4469601042524802
27440,2025-09-24 18:00:00+00:00,1.8916159851712075
27440,2025-09-24 19:00:00+00:00,2.1120049881580854
27441,2025-09-24 15:00:00+00:00,7.044444444444444
27441,2025-09-24 16:00:00+00:00,7.112222222222222
27441,2025-09-24 17:00:00+00:00,7.063033313851548
27441,2025-09-24 18:00:00+00:00,7.0854980842911885
27441,2025-09-24 19:00:00+00:00,7.051823272871444
27442,2025-09-24 15:00:00+00:00,10.003333333333334
27442,2025-09-24 16:00:00+00:00,9.636180883578772
27442,2025-09-24 17:00:00+00:00,9.639071265734959
27442,2025-09-24 18:00:00+00:00,9.601746822135453
27442,2025-09-24 19:00:00+00:00,9.491683226183518
27443,2025-09-24 15:00:00+00:00,9.08843691148776
27443,2025-09-24 16:00:00+00:00,9.095952380952381
27443,2025-09-24 17:00:00+00:00,8.994340866290019
27443,2025-09-24 18:00:00+00:00,8.993184344066869
27443,2025-09-24 19:00:00+00:00,8.863605311091938
27444,2025-09-24 15:00:00+00:00,3.140495735017171
27444,2025-09-24 16:00:00+00:00,3.4000326797385627
27444,2025-09-24 17:00:00+00:00,3.464691358024692
27444,2025-09-24 18:00:00+00:00,3.165555555555555
27444,2025-09-24 19:00:00+00:00,2.8965846994535513
27445,2025-09-24 15:00:00+00:00,7.805555555555555
27445,2025-09-24 16:00:00+00:00,7.837674199623353
27445,2025-09-24 17:00:00+00:00,7.718531073446329
27445,2025-09-24 18:00:00+00:00,7.597640085208855
27445,2025-09-24 19:00:00+00:00,7.80090687706994
27446,2025-09-24 15:00:00+00:00,0.007222222222221575
27446,2025-09-24 16:00:00+00:00,0.05900155854276168
27446,2025-09-24 17:00:00+00:00,0.04943747823057976
27446,2025-09-24 18:00:00+00:00,0.020926301555102
27446,2025-09-24 19:00:00+00:00,0.05944444444444219
27447,2025-09-24 15:00:00+00:00,0.9918653471285053
27447,2025-09-24 16:00:00+00:00,0.9890362811791378
27447,2025-09-24 17:00:00+00:00,0.9756730663135817
27447,2025-09-24 18:00:00+00:00,1.0614372469635631
27447,2025-09-24 19:00:00+00:00,1.0877777777777777
27448,2025-09-24 15:00:00+00:00,13.148241263862731
27448,2025-09-24 16:00:00+00:00,13.574334691735357
27448,2025-09-24 17:00:00+00:00,13.537241054613935
27448,2025-09-24 18:00:00+00:00,13.339463276836158
27448,2025-09-24 19:00:00+00:00,13.27656308851224
27449,2025-09-24 15:00:00+00:00,2.6249435028248587
27449,2025-09-24 16:00:00+00:00,2.311622318980809
27449,2025-09-24 17:00:00+00:00,2.33199233716475
27449,2025-09-24 18:00:00+00:00,2.244896719199127
27449,2025-09-24 19:00:00+00:00,2.387895148465527
27450,2025-09-24 15:00:00+00:00,0.007222222222221575
27450,2025-09-24 16:00:00+00:00,0.05900155854276168
27450,2025-09-24 17:00:00+00:00,0.04943747823057976
27450,2025-09-24 18:00:00+00:00,0.020926301555102
27450,2025-09-24 19:00:00+00:00,0.05944444444444219
27451,2025-09-24 15:00:00+00:00,4.762541693970682
27451,2025-09-24 16:00:00+00:00,4.500922787193974
27451,2025-09-24 17:00:00+00:00,4.2691801415676345
27451,2025-09-24 18:00:00+00:00,4.211016949152542
27451,2025-09-24 19:00:00+00:00,4.1946882914474966
27452,2025-09-24 15:00:00+00:00,1.8826913199794544
27452,2025-09-24 16:00:00+00:00,2.3796248145602497
27452,2025-09-24 17:00:00+00:00,2.8696798493408666
27452,2025-09-24 18:00:00+00:00,2.905965693505144
27452,2025-09-24 19:00:00+00:00,2.6649999999999996
27567,2025-09-24 15:00:00+00:00,5.037815442561206
27567,2025-09-24 16:00:00+00:00,5.333333333333333
27567,2025-09-24 17:00:00+00:00,5.590367231638418
27567,2025-09-24 18:00:00+00:00,5.7375894538606405
27567,2025-09-24 19:00:00+00:00,5.708050847457628
27717,2025-09-24 15:00:00+00:00,0.04635802469135619
27717,2025-09-24 16:00:00+00:00,0.1604143126177009
27717,2025-09-24 17:00:00+00:00,0.18457594649003095
27717,2025-09-24 18:00:00+00:00,0.12116161616161403
27717,2025-09-24 19:00:00+00:00,0.10529411764705632
28264,2025-09-24 15:00:00+00:00,2.937629300002181
28264,2025-09-24 16:00:00+00:00,3.2301065004221052
28264,2025-09-24 17:00:00+00:00,3.442795960776674
28264,2025-09-24 18:00:00+00:00,3.6622248870300234
28264,2025-09-24 19:00:00+00:00,4.662533309136987
28738,2025-09-24 15:00:00+00:00,5.699890368576809
28738,2025-09-24 16:00:00+00:00,5.408491973162987
28738,2025-09-24 17:00:00+00:00,5.111746541983246
28738,2025-09-24 18:00:00+00:00,5.208888888888889
28738,2025-09-24 19:00:00+00:00,5.327115072407299
28789,2025-09-24 15:00:00+00:00,1.7365942452490177
28789,2025-09-24 16:00:00+00:00,1.792039579757632
28789,2025-09-24 17:00:00+00:00,1.8892424242424237
28789,2025-09-24 18:00:00+00:00,1.9503065134099615
28789,2025-09-24 19:00:00+00:00,1.9812345679012342
28790,2025-09-24 15:00:00+00:00,3.140495735017171
28790,2025-09-24 16:00:00+00:00,3.4000326797385627
28790,2025-09-24 17:00:00+00:00,3.464691358024692
28790,2025-09-24 18:00:00+00:00,3.165555555555555
28790,2025-09-24 19:00:00+00:00,2.8965846994535513
28791,2025-09-24 15:00:00+00:00,3.1081732580037666
28791,2025-09-24 16:00:00+00:00,2.8648203213620995
28791,2025-09-24 17:00:00+00:00,2.66636832193478
28791,2025-09-24 18:00:00+00:00,2.5751354421062382
28791,2025-09-24 19:00:00+00:00,2.4237211233812173
28792,2025-09-24 15:00:00+00:00,5.09894538606403
28792,2025-09-24 16:00:00+00:00,5.257683615819209
28792,2025-09-24 17:00:00+00:00,5.322453406065329
28792,2025-09-24 18:00:00+00:00,5.410640301318267
28792,2025-09-24 19:00:00+00:00,5.30834274952919
28793,2025-09-24 15:00:00+00:00,5.699890368576809
28793,2025-09-24 16:00:00+00:00,5.408491973162987
28793,2025-09-24 17:00:00+00:00,5.111746541983246
28793,2025-09-24 18:00:00+00:00,5.208888888888889
28793,2025-09-24 19:00:00+00:00,5.327115072407299
28794,2025-09-24 15:00:00+00:00,1.0224128190142219
28794,2025-09-24 16:00:00+00:00,0.9666888046040576
28794,2025-09-24 17:00:00+00:00,0.9398870056497168
28794,2025-09-24 18:00:00+00:00,0.9181209627821509
28794,2025-09-24 19:00:00+00:00,0.9697380585516173
28795,2025-09-24 15:00:00+00:00,5.937112590799032
28795,2025-09-24 16:00:00+00:00,5.442829404506786
28795,2025-09-24 17:00:00+00:00,5.242560555880252
28795,2025-09-24 18:00:00+00:00,5.468467432950192
28795,2025-09-24 19:00:00+00:00,5.410812390414962
28796,2025-09-24 15:00:00+00:00,3.140495735017171
28796,2025-09-24 16:00:00+00:00,3.4000326797385627
28796,2025-09-24 17:00:00+00:00,3.464691358024692
28796,2025-09-24 18:00:00+00:00,3.165555555555555
28796,2025-09-24 19:00:00+00:00,2.8965846994535513
28797,2025-09-24 15:00:00+00:00,9.874302275323394
28797,2025-09-24 16:00:00+00:00,10.08569679849341
28797,2025-09-24 17:00:00+00:00,10.412919020715632
28797,2025-09-24 18:00:00+00:00,10.052386156648453
28797,2025-09-24 19:00:00+00:00,9.693808002222841
28798,2025-09-24 15:00:00+00:00,3.2329816107233853
28798,2025-09-24 16:00:00+00:00,3.313008730621553
28798,2025-09-24 17:00:00+00:00,3.530246913580247
28798,2025-09-24 18:00:00+00:00,3.51739468728318
28798,2025-09-24 19:00:00+00:00,3.6396860238955266
28799,2025-09-24 15:00:00+00:00,0.007222222222221575
28799,2025-09-24 16:00:00+00:00,0.05900155854276168
28799,2025-09-24 17:00:00+00:00,0.04943747823057976
28799,2025-09-24 18:00:00+00:00,0.020926301555102
28799,2025-09-24 19:00:00+00:00,0.05944444444444219
28800,2025-09-24 15:00:00+00:00,9.287598870056497
28800,2025-09-24 16:00:00+00:00,9.28777777777778
28800,2025-09-24 17:00:00+00:00,9.298785310734463
28800,2025-09-24 18:00:00+00:00,9.262638204707171
28800,2025-09-24 19:00:00+00:00,9.123049755536382
28801,2025-09-24 15:00:00+00:00,0.007222222222221575
28801,2025-09-24 16:00:00+00:00,0.05900155854276168
28801,2025-09-24 17:00:00+00:00,0.04943747823057976
28801,2025-09-24 18:00:00+00:00,0.020926301555102
28801,2025-09-24 19:00:00+00:00,0.05944444444444219
28802,2025-09-24 15:00:00+00:00,3.9550667693888037
28802,2025-09-24 16:00:00+00:00,3.800102077880033
28802,2025-09-24 17:00:00+00:00,3.4394161958568734
28802,2025-09-24 18:00:00+00:00,3.217793919827818
28802,2025-09-24 19:00:00+00:00,3.127064771078386
28803,2025-09-24 15:00:00+00:00,0.958532013795172
28803,2025-09-24 16:00:00+00:00,0.9557029478458041
28803,2025-09-24 17:00:00+00:00,0.9456730663135815
28803,2025-09-24 18:00:00+00:00,1.0947705802968963
28803,2025-09-24 19:00:00+00:00,1.121111111111111
28804,2025-09-24 15:00:00+00:00,11.808281455424083
28804,2025-09-24 16:00:00+00:00,11.335674603174603
28804,2025-09-24 17:00:00+00:00,10.898333333333333
28804,2025-09-24 18:00:00+00:00,10.823568738229755
28804,2025-09-24 19:00:00+00:00,11.168868161547639
28813,2025-09-24 15:00:00+00:00,7.7936866030261704
28813,2025-09-24 16:00:00+00:00,7.096544256120527
28813,2025-09-24 17:00:00+00:00,6.958683077750874
28813,2025-09-24 18:00:00+00:00,7.021005359988411
28813,2025-09-24 19:00:00+00:00,6.923699105680452
28814,2025-09-24 15:00:00+00:00,1.93611111111111
28814,2025-09-24 16:00:00+00:00,1.9597892720306511
28814,2025-09-24 17:00:00+00:00,1.957777777777777
28814,2025-09-24 18:00:00+00:00,2.0072222222222216
28814,2025-09-24 19:00:00+00:00,2.050555555555555
28932,2025-09-24 15:00:00+00:00,12.062013767127736
28932,2025-09-24 16:00:00+00:00,11.821915523271457
28932,2025-09-24 17:00:00+00:00,11.469482109227872
28932,2025-09-24 18:00:00+00:00,11.236479865096626
28932,2025-09-24 19:00:00+00:00,11.395837535756527
29049,2025-09-24 15:00:00+00:00,0.958532013795172
29049,2025-09-24 16:00:00+00:00,0.9557029478458041
29049,2025-09-24 17:00:00+00:00,0.9456730663135815
29049,2025-09-24 18:00:00+00:00,1.0947705802968963
29049,2025-09-24 19:00:00+00:00,1.121111111111111
29109,2025-09-24 15:00:00+00:00,3.0771280602636537
29109,2025-09-24 16:00:00+00:00,3.3964595103578157
29109,2025-09-24 17:00:00+00:00,3.281111111111111
29109,2025-09-24 18:00:00+00:00,3.164218455743879
29109,2025-09-24 19:00:00+00:00,2.853832636879888
29112,2025-09-24 15:00:00+00:00,3.7455555555555557
29112,2025-09-24 16:00:00+00:00,3.262586041606749
29112,2025-09-24 17:00:00+00:00,2.888531073446328
29112,2025-09-24 18:00:00+00:00,3.1106721246480102
29112,2025-09-24 19:00:00+00:00,3.342857546636518
29200,2025-09-24 15:00:00+00:00,0.2866315699366533
29200,2025-09-24 16:00:00+00:00,0.5166666666666657
29200,2025-09-24 17:00:00+00:00,0.6383333333333336
29200,2025-09-24 18:00:00+00:00,0.8013465160075324
29200,2025-09-24 19:00:00+00:00,0.9943485844833435
29253,2025-09-24 15:00:00+00:00,11.808281455424083
29253,2025-09-24 16:00:00+00:00,11.335674603174603
29253,2025-09-24 17:00:00+00:00,10.898333333333333
29253,2025-09-24 18:00:00+00:00,10.823568738229755
29253,2025-09-24 19:00:00+00:00,11.168868161547639
29345,2025-09-24 15:00:00+00:00,2.8455422270341164
29345,2025-09-24 16:00:00+00:00,2.699319409712574
29345,2025-09-24 17:00:00+00:00,2.721344549899338
29345,2025-09-24 18:00:00+00:00,2.960677966101695
29345,2025-09-24 19:00:00+00:00,2.8685080200012982
29346,2025-09-24 15:00:00+00:00,8.603065134099618
29346,2025-09-24 16:00:00+00:00,9.184444444444445
29346,2025-09-24 17:00:00+00:00,9.528174603174602
29346,2025-09-24 18:00:00+00:00,9.632220698646766
29346,2025-09-24 19:00:00+00:00,9.182370043435618
29347,2025-09-24 15:00:00+00:00,0.8625399584721611
29347,2025-09-24 16:00:00+00:00,0.8815228547559366
29347,2025-09-24 17:00:00+00:00,0.8969309279488025
29347,2025-09-24 18:00:00+00:00,0.9951844354475927
29347,2025-09-24 19:00:00+00:00,1.0876553672316382
29663,2025-09-24 15:00:00+00:00,0.9416666666666664
29663,2025-09-24 16:00:00+00:00,0.9727777777777771
29663,2025-09-24 17:00:00+00:00,0.9999999999999996
29663,2025-09-24 18:00:00+00:00,0.9485317460317457
29663,2025-09-24 19:00:00+00:00,0.9351399331662487
29946,2025-09-24 15:00:00+00:00,1.7011415722863448
29946,2025-09-24 16:00:00+00:00,1.9390553721231685
29946,2025-09-24 17:00:00+00:00,2.1788328033507245
29946,2025-09-24 18:00:00+00:00,2.308064246964441
29946,2025-09-24 19:00:00+00:00,2.6545503322318154
29963,2025-09-24 15:00:00+00:00,0.2070850921055465
29963,2025-09-24 16:00:00+00:00,0.4802823315118383
29963,2025-09-24 17:00:00+00:00,0.47525423728813365
29963,2025-09-24 18:00:00+00:00,0.39353616745392195
29963,2025-09-24 19:00:00+00:00,0.46999999999999886
29964,2025-09-24 15:00:00+00:00,0.27893289480218275
29964,2025-09-24 16:00:00+00:00,0.9023966352309198
29964,2025-09-24 17:00:00+00:00,1.1114903565166574
29964,2025-09-24 18:00:00+00:00,1.4281428483220644
29964,2025-09-24 19:00:00+00:00,1.7457532956685493
29965,2025-09-24 15:00:00+00:00,0.958532013795172
29965,2025-09-24 16:00:00+00:00,0.9557029478458041
29965,2025-09-24 17:00:00+00:00,0.9456730663135815
29965,2025-09-24 18:00:00+00:00,1.0947705802968963
29965,2025-09-24 19:00:00+00:00,1.121111111111111
30022,2025-09-24 15:00:00+00:00,0.007222222222221575
30022,2025-09-24 16:00:00+00:00,0.05900155854276168
30022,2025-09-24 17:00:00+00:00,0.04943747823057976
30022,2025-09-24 18:00:00+00:00,0.020926301555102
30022,2025-09-24 19:00:00+00:00,0.05944444444444219
30023,2025-09-24 15:00:00+00:00,0.007222222222221575
30023,2025-09-24 16:00:00+00:00,0.05900155854276168
30023,2025-09-24 17:00:00+00:00,0.04943747823057976
30023,2025-09-24 18:00:00+00:00,0.020926301555102
30023,2025-09-24 19:00:00+00:00,0.05944444444444219
30024,2025-09-24 15:00:00+00:00,0.007222222222221575
30024,2025-09-24 16:00:00+00:00,0.05900155854276168
30024,2025-09-24 17:00:00+00:00,0.04943747823057976
30024,2025-09-24 18:00:00+00:00,0.020926301555102
30024,2025-09-24 19:00:00+00:00,0.05944444444444219
30025,2025-09-24 15:00:00+00:00,5.09894538606403
30025,2025-09-24 16:00:00+00:00,5.257683615819209
30025,2025-09-24 17:00:00+00:00,5.322453406065329
30025,2025-09-24 18:00:00+00:00,5.410640301318267
30025,2025-09-24 19:00:00+00:00,5.30834274952919
30026,2025-09-24 15:00:00+00:00,4.520369799691834
30026,2025-09-24 16:00:00+00:00,4.339905838041432
30026,2025-09-24 17:00:00+00:00,4.050423728813559
30026,2025-09-24 18:00:00+00:00,3.8991459047266215
30026,2025-09-24 19:00:00+00:00,3.5805555555555557
30027,2025-09-24 15:00:00+00:00,2.0509887005649716
30027,2025-09-24 16:00:00+00:00,1.8948856713709517
30027,2025-09-24 17:00:00+00:00,1.9583521657250467
30027,2025-09-24 18:00:00+00:00,2.1702396994616757
30027,2025-09-24 19:00:00+00:00,1.9846117591243218
30120,2025-09-24 15:00:00+00:00,2.5373907103825135
30120,2025-09-24 16:00:00+00:00,2.5632297551789076
30120,2025-09-24 17:00:00+00:00,2.3934369114877594
30120,2025-09-24 18:00:00+00:00,2.0918887590103243
30120,2025-09-24 19:00:00+00:00,1.8008333333333333
30121,2025-09-24 15:00:00+00:00,11.92411781094841
30121,2025-09-24 16:00:00+00:00,10.047002752426481
30121,2025-09-24 17:00:00+00:00,9.061875915463485
30121,2025-09-24 18:00:00+00:00,6.618541435767128
30121,2025-09-24 19:00:00+00:00,5.384005021971124
30145,2025-09-24 15:00:00+00:00,3.5357039364915117
30145,2025-09-24 16:00:00+00:00,3.183059938957075
30145,2025-09-24 17:00:00+00:00,3.5790290381125227
30145,2025-09-24 18:00:00+00:00,3.888705851934179
30145,2025-09-24 19:00:00+00:00,4.270844038764931
30146,2025-09-24 15:00:00+00:00,23.507798742138363
30146,2025-09-24 16:00:00+00:00,23.68120281427381
30146,2025-09-24 17:00:00+00:00,23.986300372237444
30146,2025-09-24 18:00:00+00:00,23.919868173258003
30146,2025-09-24 19:00:00+00:00,24.054452561854667
30147,2025-09-24 15:00:00+00:00,5.09894538606403
30147,2025-09-24 16:00:00+00:00,5.257683615819209
30147,2025-09-24 17:00:00+00:00,5.322453406065329
30147,2025-09-24 18:00:00+00:00,5.410640301318267
30147,2025-09-24 19:00:00+00:00,5.30834274952919
30151,2025-09-24 15:00:00+00:00,5.892103174603175
30151,2025-09-24 16:00:00+00:00,5.287961231248782
30151,2025-09-24 17:00:00+00:00,5.184514578868757
30151,2025-09-24 18:00:00+00:00,5.504578544061302
30151,2025-09-24 19:00:00+00:00,5.501367945970518
30207,2025-09-24 15:00:00+00:00,6.289557438794727
30207,2025-09-24 16:00:00+00:00,6.115393357607856
30207,2025-09-24 17:00:00+00:00,6.042462497564777
30207,2025-09-24 18:00:00+00:00,6.366666666666667
30207,2025-09-24 19:00:00+00:00,6.6117374504837985
30434,2025-09-24 15:00:00+00:00,5.09894538606403
30434,2025-09-24 16:00:00+00:00,5.257683615819209
30434,2025-09-24 17:00:00+00:00,5.322453406065329
30434,2025-09-24 18:00:00+00:00,5.410640301318267
30434,2025-09-24 19:00:00+00:00,5.30834274952919
30515,2025-09-24 15:00:00+00:00,6.665546139359699
30515,2025-09-24 16:00:00+00:00,6.771102344308072
30515,2025-09-24 17:00:00+00:00,6.920172413793104
30515,2025-09-24 18:00:00+00:00,7.010464480874317
30515,2025-09-24 19:00:00+00:00,6.859218455743879
